Ontology ID	label	logical type	parent class	in taxon	occurs in	has part	realizes	definition
ID		CLASS_TYPE	C %	C 'in taxon' some % SPLIT=|	C 'occurs in' some % SPLIT=|	C 'has part' some % SPLIT=|	C realizes some % SPLIT=|	
OPL:0000323	Trypanosomatida procyclic stage	equivalent	parasite lifecycle stage	Trypanosomatidae	('Phlebotominae midgut' or 'Glossina midgut')	cell division		A parasite lifecycle stage of trypanosomatidae in which the organism is in dividing form and it occurs in fly vector.
OPL:0000044	procyclic promastigote stage	subclass	promastigote stage		('Phlebotominae midgut' or 'Glossina midgut')	cell division		"A promastigote stage where the form of parasite is short, ovoid, and slightly motile."
OPL:0000076	procyclic trypomastigote stage	subclass	trypomastigote stage		('Phlebotominae midgut' or 'Glossina midgut')	cell division		A trypomastigote stage where trypomastigote form of parasites are in dividing form. This stage occurs in fly vector.
OPL:0000287	Plasmodium macrogamete stage	equivalent	macrogamete stage	Plasmodium	Anopheles midgut			A macrogamete stage in the Plasmodium lifecycle that occurs in the midgut of a mosquito vector.
OPL:0000288	Plasmodium microgamete stage	equivalent	microgamete stage	Plasmodium	Anopheles midgut			A microgamete stage in the Plasmodium lifecycle that occurs in the midgut of a mosquito vector.
OPL:0000295	Plasmodium oocyst stage	equivalent	oocyst stage	Plasmodium	Anopheles midgut			"An oocyst stage in the Plasmodium lifecycle that occurs on the hemocoel side of the midgut of a mosquito vector. During this stage Plasmodium ookinete invades and escapes midgut wall of mosquito and embed itself onto the exterior of the gut membrane and develop encysted zygote, called oocyst."
OPL:0000296	Plasmodium ookinete stage	equivalent	ookinete stage	Plasmodium	Anopheles midgut			An ookinete stage in the Plasmodium lifecycle that occurs in the midgut of a mosquito vector and on the outside of the midgut.
OPL:0000307	Plasmodium zygote stage	equivalent	zygote stage	Plasmodium	Anopheles midgut			A zygote stage in the Plasmodium lifecycle that occurs in the midgut of the mosquito vector where a microgamete and a macrogamete fertilizes each other to produce a diploid cell.
OPL:0000007	Plasmodium falciparum exflagellated microgametocyte stage	equivalent	exflagellated microgametocyte stage	Plasmodium falciparum	Anopheles midgut			An exflagellated microgametocyte stage in the lifecycle of Plasmodium falciparum that occurs in the midgut of a mosquito vector.
OPL:0000075	Plasmodium falciparum macrogamete stage	equivalent	macrogamete stage	Plasmodium falciparum	Anopheles midgut			A macrogamete stage in the Plasmodium falciparum lifecycle that occurs in the midgut of a mosquito vector.
OPL:0000113	Plasmodium falciparum oocyst stage	equivalent	oocyst stage	Plasmodium falciparum	Anopheles midgut			"An oocyst stage in the Plasmodium falciparum lifecycle that occurs on the hemocoel side of the midgut of a mosquito vector. During this stage Plasmodium falciparum ookinete invades and escapes midgut wall of mosquito and embed itself onto the exterior of the gut membrane and develop encysted zygote, called oocyst."
OPL:0000170	Plasmodium falciparum microgamete stage	equivalent	microgamete stage	Plasmodium falciparum	Anopheles midgut			A microgamete stage in the Plasmodium falciparum lifecycle that occurs in the midgut of a mosquito vector.
OPL:0000187	Plasmodium falciparum ookinete stage	equivalent	ookinete stage	Plasmodium falciparum	Anopheles midgut			An ookinete stage in the Plasmodium falciparum lifecycle that occurs in the midgut of a mosquito vector and on the outside of the midgut.
OPL:0000199	Plasmodium falciparum zygote stage	equivalent	zygote stage	Plasmodium falciparum	Anopheles midgut			A zygote stage in the Plasmodium falciparum lifecycle that occurs in the midgut of the mosquito vector where a microgamete and a macrogamete fertilizes each other to produce a diploid cell.
OPL:0000262	Plasmodium falciparum gamete stage	equivalent	gamete stage	Plasmodium falciparum	Anopheles midgut			A gamete stage in the Plasmodium falciparum lifecycle that occurs in the midgut of a mosquito vector.
OPL:0000010	Plasmodium falciparum microgametocyte stage	equivalent	microgametocyte stage	Plasmodium falciparum	Anopheles midgut|Homo sapiens erythrocyte			A microgametocyte stage in the Plasmodium falciparum lifecycle that occurs either in the bloodstream of a human host or the midgut of a mosquito vector.
OPL:0000068	Plasmodium falciparum macrogametocyte stage	equivalent	macrogametocyte stage	Plasmodium falciparum	Anopheles midgut|Homo sapiens erythrocyte			A macrogametocyte stage in the Plasmodium falciparum lifecycle that occurs either in the bloodstream of a human host or the midgut of a mosquito vector.
OPL:0000192	Plasmodium falciparum gametocyte stage	equivalent	gametocyte stage	Plasmodium falciparum	Anopheles midgut|Homo sapiens erythrocyte			A gametocyte stage in the lifecycle of Plasmodium falciparum.
OPL:0000290	Plasmodium macrogametocyte stage	equivalent	macrogametocyte stage	Plasmodium	Anopheles midgut|Vertebrate erythrocyte			A macrogametocyte stage in the Plasmodium lifecycle that occurs either in the bloodstream of a vertebrate host or the midgut of a mosquito vector.
OPL:0000291	Plasmodium microgametocyte stage	equivalent	microgametocyte stage	Plasmodium	Anopheles midgut|Vertebrate erythrocyte			A microgametocyte stage in the Plasmodium lifecycle that occurs either in the bloodstream of a vertebrate host or the midgut of a mosquito vector.
OPL:0000115	Plasmodium falciparum sporozoite stage	equivalent	sporozoite stage	Plasmodium falciparum	Anopheles salivary gland|Homo sapiens blood|Homo sapiens hepatocyte			A sporozoite stage in the Plasmodium falciparum lifecycle that occurs in the salivary glands of the mosquito and invades hepatocytes in the human host.
OPL:0000300	Plasmodium sporozoite stage	equivalent	sporozoite stage	Plasmodium	Anopheles salivary gland|Vertebrate blood|Vertebrate hepatocyte			A sporozoite stage in the Plasmodium lifecycle that occurs in the salivary glands of the mosquito and invades hepatocytes in the vertebrate host.
OPL:0000220	Schistosoma mansoni daughter sporocyst stage	equivalent	daughter sporocyst stage	Schistosoma mansoni	Biomphalaria hepatopancreas			A daughter sporocyst stage of Schistosoma mansoni that occurs in the snail intermediate host.
OPL:0000163	Schistosoma haematobium daughter sporocyst stage	equivalent	daughter sporocyst stage	Schistosoma haematobium	Bulinus hepatopancreas			A daughter sporocyst stage in the lifecycle of Schistosoma haematobium that occurs within the snail intermediate host.
OPL:0000263	asexual lifecycle in host red blood cell stage	subclass	parasite lifecycle stage	parasite organism	erythrocyte			"A parasite lifecycle stage that occurs as a result of asexual replication in the red blood cells of the host organism. For Plasmodium species these stages can include merozoites, trophozoites, and schizonts."
OPL:0000243	erythrocytic trophozoite stage	subclass	trophozoite stage		erythrocyte			A trophozoite stage in some protozoan parasite life cycle that occurs in erythrocytes.
OPL:0000081	Trypanosoma brucei procyclic trypomastigote stage	equivalent	procyclic promastigote stage	Trypanosoma brucei	Glossina midgut			A procyclic promastigote stage in the Trypanosoma brucei lifecycle.
OPL:0000216	Trypanosoma brucei epimastigote stage	equivalent	epimastigote stage	Trypanosoma brucei	Glossina salivary gland			An epimastigote stage in the lifecycle of Trypanosoma brucei.
OPL:0000056	Trypanosoma brucei metacyclic trypomastigote stage	equivalent	metacyclic trypomastigote stage	Trypanosoma brucei	Glossina salivary gland|Mammalia blood			A metacyclic trypomastigote stage in the lifecycle of Trypanosoma brucei that occurs either in vertebrate host bloodstream or in salivary glands of an insect vector.
OPL:0000247	hepatic merozoite stage	subclass	merozoite stage		hepatocyte			A merozoite stage in the Plasmodium lifecycle that occurs in the hepatocyte of a vertebrate host.
OPL:0000261	hepatic trophozoite stage	subclass	trophozoite stage		hepatocyte			A trophozoite stage in some protozoan parasite life cycle that occurs in hepatocytes.
OPL:0000035	Plasmodium falciparum erythrocytic schizont stage	equivalent	erythrocytic schizont stage	Plasmodium falciparum	Homo sapiens erythrocyte			An erythrocytic schizont stage in the Plasmodium falciparum lifecycle that occurs in the infected erythrocytes of a human host.
OPL:0000103	Plasmodium falciparum merozoite stage	equivalent	merozoite stage	Plasmodium falciparum	Homo sapiens erythrocyte			A merozoite stage in the Plasmodium falciparum lifecycle that occurs in the bloodstream or hepatocytes of a human host.
OPL:0000207	Plasmodium falciparum erythrocytic trophozoite stage	equivalent	erythrocytic trophozoite stage	Plasmodium falciparum	Homo sapiens erythrocyte			An erythrocytic trophozoite stage in the Plasmodium falciparum life cycle that occurs in erythrocytes of a human host.
OPL:0000158	Plasmodium falciparum schizont stage	equivalent	schizont stage	Plasmodium falciparum	Homo sapiens erythrocyte|Homo sapiens hepatocyte			A schizont stage in the Plasmodium falciparum lifecycle that occurs in erythrocytes or in hepatocytes.
OPL:0000251	Plasmodium falciparum trophozoite stage	equivalent	trophozoite stage	Plasmodium falciparum	Homo sapiens erythrocyte|Homo sapiens hepatocyte			A trophozoite stage in the Plasmodium falciparum lifecycle that occurs in a human host.
OPL:0000093	Plasmodium falciparum hepatic schizont stage	equivalent	hepatic schizont stage	Plasmodium falciparum	Homo sapiens hepatocyte			A hepatic schizont stage in the lifecycle of Plasmodium falciparum that occurs in the infected hepatocytes of a human host.
OPL:0000250	Plasmodium falciparum hepatic trophozoite stage	equivalent	hepatic trophozoite stage	Plasmodium falciparum	Homo sapiens hepatocyte			A hepatic trophozoite stage in the Plasmodium falciparum life cycle that occurs in hepatocytes of a human host.
OPL:0000139	Schistosoma japonicum 7 week worm stage	equivalent	7 week parasitic worm stage	Schistosoma japonicum	Homo sapiens intestine|Homo sapiens mesenteric vein			A 7 week worm stage of Schistosoma japonicum that is the mature stage of Schistosoma japonicum and found in the small superior mesenteric blood vessels associated with the ileo-caecal area of the intestine of the definitive host 7 weeks after weeks after infection.
OPL:0000106	Schistosoma japonicum 3 week worm stage	equivalent	3 week parasitic worm stage	Schistosoma japonicum	Homo sapiens mesenteric vein			A worm stage of Schistosoma japonicum that is found in the small superior mesenteric blood vessels associated with the ileo-caecal area of the intestine of the definitive host 3 weeks after infection.
OPL:0000202	Schistosoma haematobium 3 week worm stage	equivalent	3 week parasitic worm stage	Schistosoma haematobium	Homo sapiens urinary bladder			A worm stage of Schistosoma haematobium that is found in the pelvic blood vessels of the vesicle plexis of the definitive host 3 weeks after infection.
OPL:0000111	Schistosoma haematobium 7 week worm stage	equivalent	7 week parasitic worm stage	Schistosoma haematobium	Homo sapiens vesical venus plexus			A 7 week worm stage of Schistosoma haematobium that is the mature stage of Schistosoma haematobium and found in the pelvic blood vessels of the vesicle plexis of the definitive host 7 weeks after weeks after infection .
OPL:0000080	parasite lifecycle in host liver stage	subclass	parasite lifecycle stage	parasite organism	liver			"A parasite lifecycle stage that occurs in the liver of the host organism. For Plasmodium species these stages can include sporozoites, trophozoites, schizonts, and merozoites."
OPL:0000175	Trypanosoma brucei trypomastigote stage	equivalent	trypomastigote stage	Trypanosoma brucei	Mammalia blood|Mammalia cerebrospinal fluid			A trypomastigote stage in the Trypanosoma brucei lifecycle that occurs in the vertebrate host.
OPL:0000131	Trypanosoma cruzi metacyclic trypomastigote stage	equivalent	metacyclic trypomastigote stage	Trypanosoma cruzi	Mammalia blood|Mammalia macrophage			A metacyclic trypomastigote stage in the lifecycle of Trypanosoma cruzi that occurs in a vertebrate host.
OPL:0000169	Trypanosoma cruzi trypomastigote stage	equivalent	trypomastigote stage	Trypanosoma cruzi	Mammalia blood|Mammalia macrophage|Triatominae hindgut			A trypomastigote stage in the Trypanosoma cruzi lifecycle that occurs either in the vertebrate host or an insect vector.
OPL:0000217	Schistosoma mansoni 7 week worm stage	equivalent	7 week parasitic worm stage	Schistosoma mansoni	Mammalia intestine|Mammalia mesenteric vein			A 7 week worm stage of Schistosoma mansoni that is the mature stage of Schistosoma mansoni and found in the small inferior mesenteric blood vessels surrounding the large intestine of the definitive host 7 weeks after weeks after infection.
OPL:0000062	Schistosoma haematobium 3 day schistosomulum stage	equivalent	3 day schistosomulum stage	Schistosoma haematobium	Mammalia liver			A 3 days schistosomulum stage of Schistosoma haematobium occurs in the definitive host 3 days post-infection.
OPL:0000124	Schistosoma haematobium 6 day schistosomulum stage	equivalent	6 day schistosomulum stage	Schistosoma haematobium	Mammalia liver			A 6 day schistosomulum stage of Schistosoma haematobium that occurs in the definitive host 6 days post-infection.
OPL:0000046	Schistosoma japonicum 6 day schistosomulum stage	equivalent	Schistosoma japonicum schistosomulum stage	Schistosoma japonicum	Mammalia lung			A schistosoma japonicum schistosomulum stage that occurs in the definitive host 6 days post-infection.
OPL:0000159	Schistosoma japonicum 3 day schistosomulum stage	equivalent	3 day schistosomulum stage	Schistosoma japonicum	Mammalia lung			A 3 days schistosomulum stage of Schistosoma japonicum that occurs in the definitive host 3 days post-infection.
OPL:0000014	Schistosoma mansoni 3 day schistosomulum stage	equivalent	3 day schistosomulum stage	Schistosoma mansoni	Mammalia lung			A 3 days schistosomulum stage of Schistosoma mansoni that occurs in the definitive host 3 days post-infection.
OPL:0000045	Schistosoma mansoni 6 day schistosomulum stage	equivalent	6 day schistosomulum stage	Schistosoma mansoni	Mammalia lung			A 6 day schistosomulum stage of Schistosoma mansoni that occurs in the definitive host 6 days post-infection.
OPL:0000157	Leishmania major amastigote stage	equivalent	amastigote stage	Leishmania major	Mammalia macrophage			An amastigote stage in the lifecycle of Leishmania major that occurs in mammalian hosts.
OPL:0000064	Trypanosoma cruzi amastigote stage	equivalent	amastigote stage	Trypanosoma cruzi	Mammalia macrophage			An amastigote stage in the lifecycle of Trypanosoma cruzi that occurs in mammalian hosts.
OPL:0000189	Leishmania major promastigote stage	equivalent	promastigote stage	Leishmania major	Mammalia macrophage|Phlebotominae midgut|Phlebotominae proboscis			A promastigote stage in the Leishmania major lifecycle.
OPL:0000102	Leishmania major metacyclic promastigote stage	equivalent	metacyclic promastigote stage	Leishmania major	Mammalia macrophage|Phlebotominae proboscis			A metacyclic promastigote stage in the lifecycle of Leishmania major.
OPL:0000107	Schistosoma mansoni 3 week worm stage	equivalent	3 week parasitic worm stage	Schistosoma mansoni	Mammalia mesenteric vein			A worm stage of Schistosoma mansoni that is found in the small inferior mesenteric blood vessels surrounding the large intestine of the definitive host 3 weeks after infection.
OPL:0000074	Schistosoma haematobium 3 hour schistosomulum stage	equivalent	3 hour schistosomulum stage	Schistosoma haematobium	Mammalia skin			A 3 hours schistosomulum stage of Schistosoma haematobium that occurs in the definitive host 3 hours post-infection.
OPL:0000129	Schistosoma haematobium 24 hour schistosomulum stage	equivalent	24 hour schistosomulum stage	Schistosoma haematobium	Mammalia skin			A 24 hours schistosomulum stage of Schistosoma haematobium that occurs in the definitive host 24 hours post-infection.
OPL:0000193	Schistosoma japonicum 3 hour schistosomulum stage	equivalent	3 hour schistosomulum stage	Schistosoma japonicum	Mammalia skin			A 3 hours schistosomulum stage of Schistosoma japonicum that occurs in the definitive host 3 hours post-infection.
OPL:0000195	Schistosoma japonicum 24 hour schistosomulum stage	equivalent	24 hour schistosomulum stage	Schistosoma japonicum	Mammalia skin			A 24 hours schistosomulum stage of Schistosoma japonicum that occurs in the definitive host 24 hours post-infection.
OPL:0000063	Schistosoma mansoni 24 hour schistosomulum stage	equivalent	24 hour schistosomulum stage	Schistosoma mansoni	Mammalia skin			A 24 hours schistosomulum stage of Schistosoma mansoni that occurs in the definitive host 24 hours post-infection.
OPL:0000120	Schistosoma mansoni 3 hour schistosomulum stage	equivalent	3 hour schistosomulum stage	Schistosoma mansoni	Mammalia skin			A 3 hours schistosomulum stage of Schistosoma mansoni that occurs in the definitive host 3 hours post-infection.
OPL:0000024	Schistosoma japonicum daughter sporocyst stage	equivalent	daughter sporocyst stage	Schistosoma japonicum	Oncomelania hepatopancreas			A daughter sporocyst stage of Schistosoma japonicum that occurs in the snail intermediate host.
OPL:0000058	Leishmania major procyclic promastigote stage	equivalent	procyclic promastigote stage	Leishmania major	Phlebotominae midgut			A procyclic promastigote stage in the Leishmania major lifecycle.
OPL:0000253	salivary gland-derived sporozoite stage	subclass	sporozoite stage		saliva-secreting gland			A sporozoite stage in the Plasmodium lifecycle that occurs in the hemocoel and the salivary glands of the mosquito. Sporozoites invade hepatocytes in the vertebrate host.
OPL:0000223	Trypanosoma cruzi epimastigote stage	equivalent	epimastigote stage	Trypanosoma cruzi	Triatominae midgut			An epimastigote stage in the lifecycle of Trypanosoma cruzi.
OPL:0000298	Plasmodium erythrocytic schizont stage	equivalent	erythrocytic schizont stage	Plasmodium	Vertebrate erythrocyte			An erythrocytic schizont stage in the Plasmodium lifecycle that occurs in the infected erythrocytes of a vertebrate host.
OPL:0000304	Plasmodium erythrocytic trophozoite stage	equivalent	erythrocytic trophozoite stage	Plasmodium	Vertebrate erythrocyte			An erythrocytic trophozoite stage in the Plasmodium life cycle that occurs in erythrocytes of a vertebrate host.
OPL:0000303	Plasmodium trophozoite stage	equivalent	trophozoite stage	Plasmodium	Vertebrate erythrocyte|Vertebrate hepatocyte			A trophozoite stage in the Plasmodium lifecycle that occurs in a vertebrate host.
OPL:0000299	Plasmodium hepatic schizont stage	equivalent	hepatic schizont stage	Plasmodium	Vertebrate hepatocyte			A hepatic schizont stage in the Plasmodium lifecycle that occurs in the infected hepatocytes of a vertebrate host.
OPL:0000306	Plasmodium hepatic trophozoite stage	equivalent	hepatic trophozoite stage	Plasmodium	Vertebrate hepatocyte			A hepatic trophozoite stage in the Plasmodium life cycle that occurs in hepatocytes of a vertebrate host.
OPL:0000209	Leishmania major lifecycle stage	equivalent	parasite lifecycle stage	Leishmania major				A parasite lifecycle stage of Leishmania major.
OPL:0000018	miracidium stage	subclass	parasite lifecycle stage	parasite organism				"A parasite lifecycle stage of Trematodes where the parasite is in free-living motile form, covered with cilia and settles in the mollusc to become a sporocyst."
OPL:0000026	microgamete stage	subclass	gamete stage	parasite organism				A gamete stage in apicomplexan parasites when exflagellated microgametocyte divides into microgamete.
OPL:0000036	merozoite stage	subclass	parasite lifecycle stage	parasite organism				"A parasite lifecycle stage of apicomplexan species where a daughter cell, called merozoite is produced from schizont through schizogony."
OPL:0000057	trophozoite stage	subclass	parasite lifecycle stage	parasite organism				"A parasite lifecycle stage of some protozoan parasites that is a non-reproductive, feeding and growing stage."
OPL:0000070	cercaria stage	subclass	parasite lifecycle stage	parasite organism				"A parasite lifecycle stage that is a free-living larval stage of Digenea, developed within the germinal cells of the sporocyst or redia. A cercaria has a tapering head with large penetration glands. It may or may not have a long swimming ""tail"", depending on the species. The motile cercaria finds and settles in a host where it will become either an adult, or a mesocercaria, or a metacercaria, according to species."
OPL:0000073	oocyst stage	subclass	parasite lifecycle stage	parasite organism				A parasite lifecycle stage of sporozoa consisting of a zygote enclosed by cyst wall.
OPL:0000082	parasitic worm stage	subclass	parasite lifecycle stage	parasite organism				"A parasite lifecycle stage of some parasites in which the parasite develops into a worm form, and undergoes maturation."
OPL:0000084	schizont stage	subclass	parasite lifecycle stage	parasite organism				A parasite lifecycle stage that is the multinucleate stage in the development of some members of the Sarcodina and some sporozoans during schizogony.
OPL:0000085	macrogamete stage	subclass	gamete stage	parasite organism				A gamete stage in parasites when macrogametocytes produce macrogametes through the process known as gametogenesis.
OPL:0000095	schistomulum stage	subclass	parasite lifecycle stage	parasite organism				A parasite lifecycle stage that is the migratory stage between cercaria and adult of the schistosomes; equivalent to the metacercarial stage in other digeneans.
OPL:0000098	sporocyst stage	subclass	parasite lifecycle stage	parasite organism				A parasite lifecycle stage that is the early developmental stage capable of asexual reproduction: in sporozoans it is usually enclosed within an oocyst; in digeneans it is an intramolluscan stage lacking a gut.
OPL:0000108	epimastigote stage	subclass	parasite lifecycle stage	parasite organism				"A parasite lifecycle stage of Trypanosomatids. During this stage, the undulating membrane is shortened and the flagellar pocket and the kinetoplast are anterior to the nucleus. This stage occurs in the insect host."
OPL:0000114	amastigote stage	subclass	parasite lifecycle stage	parasite organism				A parasite lifecycle stage is a nonflagellate intracellular developmental stage in the trypanosomatid parasites lifecycle that occurs in mammalian host.
OPL:0000152	sporozoite stage	subclass	parasite lifecycle stage	parasite organism				A parasite lifecycle stage of some sporozoans where cells divide through sporogony producing daughter cells called sporozoites that infect new hosts.
OPL:0000153	ookinete stage	subclass	parasite lifecycle stage	parasite organism				"A parasite lifecycle stage of some sporozoans where motile and elongated zygote is formed by the fertilization of the macrogamete during the sexual reproductive phase of the sporozoan life cycle, specifically the malarial parasite Plasmodium."
OPL:0000173	hypnozoite stage	subclass	parasite lifecycle stage	parasite organism				"A parasite lifecycle stage of some Plasmodium sp., such as Plasmodium vivax and Plasmodium ovale, the parasite in the liver cells do not achieve matuaration to a schizont immediately, but remain in a dormant form. This dormant form stage is called hypnozoite stage."
OPL:0000181	parasite lifecycle stage	equivalent	life cycle stage	parasite organism				A life cycle stage of a parasite.
OPL:0000286	Plasmodium gamete stage	equivalent	gamete stage	Plasmodium				A gamete stage in the Plasmodium lifecycle that occurs in the midgut of a mosquito vector.
OPL:0000289	Plasmodium gametocyte stage	equivalent	gametocyte stage	Plasmodium				A gametocyte stage in the lifecycle of Plasmodium.
OPL:0000292	Plasmodium merozoite stage	equivalent	merozoite stage	Plasmodium				A merozoite stage in the Plasmodium lifecycle that occurs in the bloodstream or hepatocytes of a vertebrate host.
OPL:0000293	Plasmodium erythrocytic merozoite stage	equivalent	erythrocytic merozoite stage	Plasmodium				An erythrocytic merozoite stage in the Plasmodium lifecycle that occurs in the bloodstream of a vertebrate host.
OPL:0000294	Plasmodium hepatic merozoite stage	equivalent	hepatic merozoite stage	Plasmodium				A hepatic merozoite stage in the Plasmodium lifecycle that occurs in the hepatocyte of a vertebrate host.
OPL:0000297	Plasmodium schizont stage	equivalent	schizont stage	Plasmodium				A schizont stage in the Plasmodium lifecycle that occurs in erythrocytes or in hepatocytes.
OPL:0000301	Plasmodium oocyst-derived sporozoite stage	equivalent	oocyst-derived sporozoite stage	Plasmodium				A sporozoite stage in the Plasmodium lifecycle that develops in oocysts of the mosquito midgut.
OPL:0000302	Plasmodium salivary gland-derived sporozoite stage	equivalent	salivary gland-derived sporozoite stage	Plasmodium				A salivary gland-derived sporozoite stage in the Plasmodium lifecycle that occurs in the salivary glands of the mosquito and invades hepatocytes in the vertebrate host.
OPL:0000305	Plasmodium erythrocytic ring trophozoite stage	equivalent	erythrocytic ring trophozoite stage	Plasmodium				"An erythrocytic ring trophozoite stage in the Plasmodium life cycle that occurs in erythrocytes of a vertebrate host. During this stage some Plasmodium merozoites undergo asexual reproduction cycle in erythrocytes and form young trophozoites that are referred to as ""ring form"" due to their morphology."
OPL:0000042	Plasmodium falciparum erythrocytic ring trophozoite stage	equivalent	erythrocytic ring trophozoite stage	Plasmodium falciparum				"An erythrocytic ring trophozoite stage in the Plasmodium falciparum life cycle that occurs in erythrocytes of a human host. During this stage some Plasmodium falciparum merozoites undergo asexual reproduction cycle in erythrocytes and form young trophozoites that are referred to as ""ring form"" due to their morphology."
OPL:0000165	Plasmodium falciparum lifecycle stage	equivalent	parasite lifecycle stage	Plasmodium falciparum				A lifecycle stage of Plasmodium falciparum.
OPL:0000245	Plasmodium falciparum erythrocytic merozoite stage	equivalent	erythrocytic merozoite stage	Plasmodium falciparum				An erythrocytic merozoite stage in the Plasmodium falciparum lifecycle that occurs in the bloodstream of a human host.
OPL:0000246	Plasmodium falciparum hepatic merozoite stage	equivalent	hepatic merozoite stage	Plasmodium falciparum				A hepatic merozoite stage in the Plasmodium falciparum lifecycle that occurs in the hepatocyte of a human host.
OPL:0000252	Plasmodium falciparum oocyst-derived sporozoite stage	equivalent	oocyst-derived sporozoite stage	Plasmodium falciparum				A sporozoite stage in the Plasmodium falciparum lifecycle that occurs in the hemocoel and the salivary glands of the mosquito. Sporozoites invade hepatocytes in the human host.
OPL:0000254	Plasmodium falciparum salivary gland-derived sporozoite stage	equivalent	salivary gland-derived sporozoite stage	Plasmodium falciparum				A salivary gland-derived sporozoite stage in the Plasmodium falciparum lifecycle that occurs in the hemocoel and the salivary glands of the mosquito. Sporozoites invade hepatocytes in the human host.
OPL:0000008	Schistosoma haematobium sporocyst stage	equivalent	sporocyst stage	Schistosoma haematobium				A sporocyst stage in the Schistosoma haematobium lifecycle that occurs within the snail intermediate host.
OPL:0000069	Schistosoma haematobium miracidium stage	equivalent	miracidium stage	Schistosoma haematobium				A miracidium stage in the Schistosoma haematobium lifecycle that occurs in the intermediate snail host.
OPL:0000091	Schistosoma haematobium worm stage	equivalent	parasitic worm stage	Schistosoma haematobium				A worm stage of Schistosoma haematobium that is fully developed mature form and found in the pelvic blood vessels of the vesicle plexis of the mammalian host.
OPL:0000101	Schistosoma haematobium cercaria stage	equivalent	cercaria stage	Schistosoma haematobium				A cercaria stage in the lifecycle of Schistosoma haematobium that occurs in a freshwater snail and in fresh water.
OPL:0000125	Schistosoma haematobium egg stage	equivalent	egg stage	Schistosoma haematobium				An egg stage in the lifecycle of Schistosoma haematobium that occurs in the mammalian host..
OPL:0000177	Schistosoma haematobium lifecycle stage	equivalent	parasite lifecycle stage	Schistosoma haematobium				A lifecycle stage of Schistosoma haematobium.
OPL:0000197	Schistosoma haematobium schistosomulum stage	equivalent	schistomulum stage	Schistosoma haematobium				A schistosomulum stage of Schistosoma haematobium that occurs in the definitive host and is followed by the parasitic worm stage.
OPL:0000212	Schistosoma haematobium mother sporocyst stage	equivalent	mother sporocyst stage	Schistosoma haematobium				A mother sporocyst stage in the Schistosoma haematobium lifecycle that occurs in the snail intermediate host.
OPL:0000228	Schistosoma haematobium adult male worm stage	equivalent	adult male parasitic worm stage	Schistosoma haematobium				An adult male worm stage of Schistosoma haematobium that is fully developed mature male stage of Schistosoma haematobium and found in the pelvic blood vessels of the vesicle plexis of the mammalian host.
OPL:0000234	Schistosoma haematobium adult female worm stage	equivalent	adult female parasitic worm stage	Schistosoma haematobium				An adult female worm stage of Schistosoma haematobium that is fully developed mature female stage of Schistosoma haematobium and found in the pelvic blood vessels of the vesicle plexis of the mammalian host.
OPL:0000308	Schistosoma haematobium adult worm stage	equivalent	adult parasitic worm stage	Schistosoma haematobium				An adult worm stage in the Schistosoma haematobium lifecycle.
OPL:0000009	Schistosoma japonicum cercaria stage	equivalent	cercaria stage	Schistosoma japonicum				A cercaria stage in the lifecycle of Schistosoma japonicum that occurs in a freshwater snail and in fresh water.
OPL:0000023	Schistosoma japonicum miracidium stage	equivalent	miracidium stage	Schistosoma japonicum				A miracidium stage in the Schistosoma japonicum lifecycle that occurs in the intermediate snail host.
OPL:0000071	Schistosoma japonicum worm stage	equivalent	parasitic worm stage	Schistosoma japonicum				A worm stage of Schistosoma japonicum that is fully developed mature form and found in the small superior mesenteric blood vessels associated with the ileo-caecal area of the intestine of the mammalian host.
OPL:0000072	Schistosoma japonicum egg stage	equivalent	egg stage	Schistosoma japonicum				An egg stage in the lifecycle of Schistosoma japonicum that occurs in the mammalian host.
OPL:0000118	Schistosoma japonicum schistosomulum stage	equivalent	schistomulum stage	Schistosoma japonicum				A schistosomulum stage of Schistosoma japonicum that occurs in the definitive host and is followed by the parasitic worm stage.
OPL:0000156	Schistosoma japonicum lifecycle stage	equivalent	parasite lifecycle stage	Schistosoma japonicum				A lifecycle stage of Schistosoma japonicum.
OPL:0000184	Schistosoma japonicum mother sporocyst stage	equivalent	mother sporocyst stage	Schistosoma japonicum				A mother sporocyst stage in the Schistosoma japonicum lifecycle that occurs in the snail intermediate host.
OPL:0000186	Schistosoma japonicum sporocyst stage	equivalent	sporocyst stage	Schistosoma japonicum				A sporocyst stage in the Schistosoma japonicum lifecycle that is found within the snail intermediate host.
OPL:0000224	Schistosoma japonicum adult female worm stage	equivalent	adult female parasitic worm stage	Schistosoma japonicum				An adult female worm stage of Schistosoma japonicum that is fully developed mature female stage of Schistosoma japonicum and occurs in the small superior mesenteric blood vessels associated with the ileo-caecal area of the intestine of the mammalian host.
OPL:0000225	Schistosoma japonicum adult male worm stage	equivalent	adult male parasitic worm stage	Schistosoma japonicum				An adult male worm stage of Schistosoma japonicum that is fully developed mature male stage of Schistosoma japonicum and occurs in the small superior mesenteric blood vessels associated with the ileo-caecal area of the intestine of the mammalian host.
OPL:0000309	Schistosoma japonicum adult worm stage	equivalent	adult parasitic worm stage	Schistosoma japonicum				An adult worm stage in the Schistosoma japonicum lifecycle.
OPL:0000041	Schistosoma mansoni sporocyst stage	equivalent	sporocyst stage	Schistosoma mansoni				A sporocyst stage in the Schistosoma mansoni lifecycle that occurs in the snail intermediate host.
OPL:0000100	Schistosoma mansoni schistosomulum stage	equivalent	schistomulum stage	Schistosoma mansoni				A schistosomulum stage of Schistosoma mansoni that occurs in the definitive host and is followed by the parasitic worm stage.
OPL:0000112	Schistosoma mansoni miracidium stage	equivalent	miracidium stage	Schistosoma mansoni				A miracidium stage in the Schistosoma mansoni lifecycle that occurs in the intermediate snail host.
OPL:0000135	Schistosoma mansoni egg stage	equivalent	egg stage	Schistosoma mansoni				An egg stage in the lifecycle of Schistosoma mansoni that occurs in the mammalian host.
OPL:0000142	Schistosoma mansoni mother sporocyst stage	equivalent	mother sporocyst stage	Schistosoma mansoni				A mother sporocyst stage in the Schistosoma mansoni lifecycle that occurs in the snail intermediate host.
OPL:0000203	Schistosoma mansoni lifecycle stage	equivalent	parasite lifecycle stage	Schistosoma mansoni				A lifecycle stage of Schistosoma mansoni.
OPL:0000210	Schistosoma mansoni cercaria stage	equivalent	cercaria stage	Schistosoma mansoni				A cercaria stage in the lifecycle of Schistosoma mansoni that occurs in a freshwater snail and in fresh water.
OPL:0000211	Schistosoma mansoni worm stage	equivalent	parasitic worm stage	Schistosoma mansoni				A worm stage of Schistosoma mansoni that is fully developed mature form and found in the small inferior mesenteric blood vessels surrounding the large intestine of the mammalian host.
OPL:0000230	Schistosoma mansoni adult male worm stage	equivalent	adult male parasitic worm stage	Schistosoma mansoni				An adult male worm stage of Schistosoma mansoni that is fully developed mature male stage of Schistosoma mansoni and found in the small inferior mesenteric blood vessels surrounding the large intestine of the mammalian host.
OPL:0000236	Schistosoma mansoni adult female worm stage	equivalent	adult female parasitic worm stage	Schistosoma mansoni				An adult female worm stage of Schistosoma mansoni that is fully developed mature female stage of Schistosoma mansoni and found in the small inferior mesenteric blood vessels surrounding the large intestine of the mammalian host.
OPL:0000319	Schistosoma mansoni adult worm stage	equivalent	adult parasitic worm stage	Schistosoma mansoni				An adult worm stage in the Schistosoma mansoni lifecycle.
OPL:0000033	trypomastigote stage	subclass	parasite lifecycle stage	Trypanosoma				"A parasite lifecycle stage of trypanosomes. In trypomastigote stage, the kinetoplast is near the posterior end of the body, and the flagellum lies attached to the cell body for most of its length by an undulating membrane."
OPL:0000048	Trypanosoma brucei lifecycle stage	equivalent	parasite lifecycle stage	Trypanosoma brucei				A lifecycle stage of Trypanosoma brucei.
OPL:0000185	Trypanosoma cruzi lifecycle stage	equivalent	parasite lifecycle stage	Trypanosoma cruzi				A lifecycle stage of Trypanosoma cruzi.
OPL:0000322	Trypanosomatida metacyclic stage	equivalent	parasite lifecycle stage	Trypanosomatidae			infectious agent role	A parasite lifecycle stage of trypanosomatidae in which the organism is infectious and does not multiply.
OPL:0000151	promastigote stage	subclass	parasite lifecycle stage	Trypanosomatidae				"A parasite lifecycle stage of Trypanosomatids. In this stage, the flagellum is found anterior of nucleus and flagellum not attached to the cell body. The kinetoplast is located in front of the nucleus, near the anterior end of the body. (Wikipedia: Trypanosomatid)"
OPL:0000006	metacyclic promastigote stage	subclass	promastigote stage				infectious agent role	A promastigote stage of some kinetoplastids.
OPL:0000149	metacyclic trypomastigote stage	subclass	trypomastigote stage				infectious agent role	A trypomastigote stage of Trypanosoma species which are nondividing forms resistant to mammalian complement that have the capacity to infect mammalian cells.
OPL:0000028	macrogametocyte stage	subclass	gametocyte stage					A gametocyte stage where a cell differentiates into a female sexual form called macrogametocyte.
OPL:0000143	microgametocyte stage	subclass	gametocyte stage					A gametocyte stage where a cell differentiates into a male sexual form called microgametocyte.
OPL:0000214	mother sporocyst stage	subclass	sporocyst stage					A sporocyst stage of Digenea formed after penetration of the miracidium into a mollusc; it lacks a gut and gives rise asexually to daughter sporocysts or rediae.
OPL:0000256	oocyst-derived sporozoite stage	subclass	sporozoite stage					A sporozoite stage in some parasite lifecycle that occurs in the hemocoel and the salivary glands of the mosquito. Sporozoites invade hepatocytes in the vertebrate host.
OPL:0000172	24 hour schistosomulum stage	subclass	schistomulum stage					A schistosomulum stage that occurs in 24 hours after infection of the mammalian host.
OPL:0000221	3 day schistosomulum stage	subclass	schistomulum stage					A schistosomulum stage that occurs in 3 days after infection of the mammalian host.
OPL:0000017	3 hour schistosomulum stage	subclass	schistomulum stage					A schistosomulum stage that occurs in 3 hours after infection of the mammalian host.
OPL:0000183	3 week parasitic worm stage	subclass	parasitic worm stage					A parasitic worm stage of development 3 weeks post differentiation into a worm form.
OPL:0000066	6 day schistosomulum stage	subclass	schistomulum stage					A schistosomulum stage that occurs in 6 days after infection of the mammalian host.
OPL:0000148	7 week parasitic worm stage	subclass	parasitic worm stage					A parasitic worm stage of development 7 weeks post differentiation into a worm form.
OPL:0000127	adult female parasitic worm stage	subclass	adult parasitic worm stage					An adult worm stage of a female parasitic worm.
OPL:0000239	adult male parasitic worm stage	subclass	adult parasitic worm stage					An adult worm stage of a male parasitic worm.
OPL:0000237	adult parasitic worm stage	subclass	parasitic worm stage					"A parasitic worm stage where the worm is matured and ready to pair up with another adult worm of the opposite gender, and reproduce."
OPL:0000022	bloodstream trypomastigote stage	subclass	trypomastigote stage					A trypomastigote stage where trypmastigote form of parasites are found in mammalian host blood stream.
OPL:0000086	daughter sporocyst stage	subclass	sporocyst stage					A sporocyst stage of Trematodes produced by a mother sporocyst; it lacks a gut and is capable of asexual production of either rediae or cercariae.
OPL:0000180	egg stage	subclass	life cycle stage					A life cycle stage of some parasites in which a non-operculate egg emerges from the adult female worm.
OPL:0000248	erythrocytic merozoite stage	subclass	merozoite stage					A merozoite stage in the apicomplexan lifecycle that occurrs in the bloodstream of a vertebrate host.
OPL:0000140	erythrocytic ring trophozoite stage	subclass	erythrocytic trophozoite stage					An early trophozoite stage of Plasmodium sp. where a large central vacuole and peripheral nucleus give an appearance of a signet ring.
OPL:0000078	erythrocytic schizont stage	subclass	schizont stage					A schizont stage that occurs in erythrocytes where trophozoites mature into a schizont and schizont produces daughter trophozoites or merozoites.
OPL:0000119	exflagellated microgametocyte stage	subclass	microgametocyte stage					A microgametocyte stage in some apicomplexan parasites where microgametocyte gets matured and form microgamete through the process known as exflagellation.
OPL:0000260	gamete stage	subclass	life cycle stage					A life cycle stage of some parasites that develop into mature sexual cells.
OPL:0000150	gametocyte stage	subclass	life cycle stage					A life cycle stage where a cell differentiates into male or female sexual forms.
OPL:0000059	hepatic schizont stage	subclass	schizont stage					A schizont stage that occurs in hepatocyte where sporozoites mature into a schizont.
OPL:0000324	bradyzoite stage	subclass	parasite lifecycle stage					A life cycle stage found in the tissue cyst which replicates slowly within a parasitophorous vacuole within the host cell.